REGION,COMUNA,JARA,KAST, BLANCO ,NULOS ,VOTACION,POBLACION_24,MESAS,INSCRITOS
DE VALPARAISO,ALGARROBO,5689,9055,190,873,15807,16076,46,17787
METROPOLITANA DE SANTIAGO,ALHUE,2232,3216,73,301,5822,7768,17,6704
DEL BIOBIO,ALTO BIOBIO,1376,2915,131,348,4770,6016,17,5679
DE ATACAMA,ALTO DEL CARMEN,1420,2168,62,456,4106,4788,14,4863
DE TARAPACA,ALTO HOSPICIO,19046,35076,761,5604,60487,142086,188,72210
DE LOS LAGOS,ANCUD,10731,19440,496,2133,32800,40949,100,38691
DE COQUIMBO,ANDACOLLO,4997,4041,179,711,9928,11566,29,11278
DE LA ARAUCANIA,ANGOL,9533,29217,327,2157,41234,53022,123,47468
DE MAGALLANES Y DE LA ANTARTICA CHILENA,ANTARTICA,9,17,0,2,28,53022,1,195
DE ANTOFAGASTA,ANTOFAGASTA,103038,125238,3884,22130,254290,401096,779,307083
DEL BIOBIO,ANTUCO,1173,2369,40,250,3832,4373,12,4665
DEL BIOBIO,ARAUCO,8612,18506,366,1834,29318,37163,86,32268
DE ARICA Y PARINACOTA,ARICA,52419,87678,1850,11295,153242,241653,499,188577
DE AYSEN DEL GENERAL CARLOS IBAÑEZ DEL CAMPO,AYSEN,6784,9118,245,1138,17285,23170,62,22894
METROPOLITANA DE SANTIAGO,BUIN,29631,46337,913,4296,81177,116969,228,88724
DE ÑUBLE,BULNES,5020,12840,207,1000,19067,23863,55,21449
DE VALPARAISO,CABILDO,7185,7806,215,1030,16236,20015,47,18088
DE MAGALLANES Y DE LA ANTARTICA CHILENA,CABO DE HORNOS,297,741,9,29,1076,1750,5,1682
DEL BIOBIO,CABRERO,5781,17124,239,1644,24788,31256,71,27253
DE ANTOFAGASTA,CALAMA,34442,61291,1222,10400,107355,166334,340,134149
DE LOS LAGOS,CALBUCO,7519,18299,414,1684,27916,36474,89,33733
DE ATACAMA,CALDERA,6503,6402,178,1030,14113,18805,42,16526
DE VALPARAISO,CALERA,17488,18554,572,2921,39535,50631,117,45291
METROPOLITANA DE SANTIAGO,CALERA DE TANGO,7002,12463,210,993,20668,25491,58,22813
DE VALPARAISO,CALLE LARGA,4336,6132,146,749,11363,16597,33,12498
DE ARICA Y PARINACOTA,CAMARONES,444,896,12,99,1451,861,6,2063
DE TARAPACA,CAMIÑA,234,1339,8,76,1657,1335,6,2390
DE COQUIMBO,CANELA,3947,3503,155,450,8055,9639,25,9461
DEL BIOBIO,CAÑETE,7201,17966,275,1338,26780,34640,78,30450
DE LA ARAUCANIA,CARAHUE,5669,12964,205,878,19716,24957,63,24023
DE VALPARAISO,CARTAGENA,8103,9797,187,1233,19320,24599,57,22114
DE VALPARAISO,CASABLANCA,8239,12776,252,1430,22697,29876,66,25153
DE LOS LAGOS,CASTRO,13427,19676,558,2067,35728,46997,112,43321
DE VALPARAISO,CATEMU,4041,6365,158,990,11554,13760,32,12551
DEL MAULE,CAUQUENES,7329,24961,317,1423,34030,42798,102,38309
METROPOLITANA DE SANTIAGO,CERRILLOS,26409,27569,595,2875,57448,85041,171,66020
METROPOLITANA DE SANTIAGO,CERRO NAVIA,45826,42812,1044,5159,94841,127250,279,108479
DE LOS LAGOS,CHAITEN,1030,2136,48,133,3347,4025,15,4792
DEL MAULE,CHANCO,1750,6171,64,278,8263,9446,24,9203
DE ATACAMA,CHAÑARAL,4513,3933,121,816,9383,12345,30,11346
DEL LIBERTADOR GENERAL BERNARDO O'HIGGINS,CHEPICA,3562,8911,165,635,13273,15668,38,14253
DEL BIOBIO,CHIGUAYANTE,25563,32306,781,4629,63279,85822,182,70270
DE AYSEN DEL GENERAL CARLOS IBAÑEZ DEL CAMPO,CHILE CHICO,1604,1880,31,155,3670,4905,18,6284
DE ÑUBLE,CHILLAN,48203,85864,1603,7842,143512,190382,417,161737
DE ÑUBLE,CHILLAN VIEJO,6955,14450,261,1390,23056,32688,65,24981
DEL LIBERTADOR GENERAL BERNARDO O'HIGGINS,CHIMBARONGO,9375,18072,352,1986,29785,37258,82,31991
DE LA ARAUCANIA,CHOLCHOL,3094,6676,109,740,10619,13167,32,12257
DE LOS LAGOS,CHONCHI,4334,6727,217,730,12008,16078,37,14251
DE AYSEN DEL GENERAL CARLOS IBAÑEZ DEL CAMPO,CISNES,1209,2286,50,183,3728,5137,15,4838
DE ÑUBLE,COBQUECURA,1455,3502,60,217,5234,5495,16,5851
DE LOS LAGOS,COCHAMO,829,2591,68,152,3640,4199,14,4654
DE AYSEN DEL GENERAL CARLOS IBAÑEZ DEL CAMPO,COCHRANE,880,1421,38,112,2451,3458,9,3461
DEL LIBERTADOR GENERAL BERNARDO O'HIGGINS,CODEGUA,4205,6311,175,733,11424,13955,32,12229
DE ÑUBLE,COELEMU,3696,9211,132,655,13694,15895,41,15073
DE ÑUBLE,COIHUECO,4379,17207,184,990,22760,29766,66,24580
DEL LIBERTADOR GENERAL BERNARDO O'HIGGINS,COINCO,2478,4142,88,393,7101,7916,20,7687
DEL MAULE,COLBUN,5518,11720,203,1096,18537,22637,55,20665
DE TARAPACA,COLCHANE,66,1000,5,27,1098,790,6,2030
METROPOLITANA DE SANTIAGO,COLINA,25854,66795,923,4703,98275,173293,286,111213
DE LA ARAUCANIA,COLLIPULLI,4526,13615,198,1018,19357,24303,59,22259
DEL LIBERTADOR GENERAL BERNARDO O'HIGGINS,COLTAUCO,5531,9809,206,1017,16563,21373,47,17851
DE COQUIMBO,COMBARBALA,4494,4882,196,742,10314,12954,33,12338
DEL BIOBIO,CONCEPCION,68434,90836,2273,9727,171270,230375,527,203012
METROPOLITANA DE SANTIAGO,CONCHALI,46205,41603,961,4782,93551,121587,287,110833
DE VALPARAISO,CONCON,14191,25226,697,2030,42144,48294,124,47726
DEL MAULE,CONSTITUCION,11323,22080,504,2550,36457,47004,108,40537
DEL BIOBIO,CONTULMO,1290,3575,48,213,5126,5905,16,6052
DE ATACAMA,COPIAPO,44619,56522,1681,8213,111035,168831,335,129887
DE COQUIMBO,COQUIMBO,71395,80649,2524,12980,167548,263719,497,193715
DEL BIOBIO,CORONEL,30646,46520,1170,6187,84523,123648,248,95341
DE LOS RIOS,CORRAL,1773,2526,54,274,4627,5501,16,5644
DE AYSEN DEL GENERAL CARLOS IBAÑEZ DEL CAMPO,COYHAIQUE,15063,23084,518,2090,40755,57823,146,54921
DE LA ARAUCANIA,CUNCO,4469,10440,156,788,15853,19177,56,20682
DE LA ARAUCANIA,CURACAUTIN,3739,10347,117,667,14870,18536,56,20945
METROPOLITANA DE SANTIAGO,CURACAVI,10996,14688,381,1510,27575,35165,78,30226
DE LOS LAGOS,CURACO DE VELEZ,966,1935,56,159,3116,3662,10,3750
DEL BIOBIO,CURANILAHUE,8241,15506,326,1880,25953,31119,77,29521
DE LA ARAUCANIA,CURARREHUE,1800,4639,60,342,6841,7733,24,9000
DEL MAULE,CUREPTO,3071,5370,84,485,9010,9519,26,10060
DEL MAULE,CURICO,42007,65839,1338,6987,116171,159968,337,128583
DE LOS LAGOS,DALCAHUE,3607,7659,194,704,12164,14894,37,14163
DE ATACAMA,DIEGO DE ALMAGRO,3927,3434,134,728,8223,11397,29,11361
DEL LIBERTADOR GENERAL BERNARDO O'HIGGINS,DOÑIHUE,6728,9994,275,1152,18149,21925,51,19620
METROPOLITANA DE SANTIAGO,EL BOSQUE,54297,54749,1309,6136,116491,155257,337,131886
DE ÑUBLE,EL CARMEN,2342,8367,78,418,11205,13186,33,12666
METROPOLITANA DE SANTIAGO,EL MONTE,11197,14591,341,1714,27843,37497,77,30144
DE VALPARAISO,EL QUISCO,6915,7777,152,887,15731,18971,46,17950
DE VALPARAISO,EL TABO,6877,7111,151,814,14953,16260,42,16749
DEL MAULE,EMPEDRADO,569,3152,27,146,3894,3990,11,4238
DE LA ARAUCANIA,ERCILLA,2306,3937,76,319,6638,7730,22,7922
METROPOLITANA DE SANTIAGO,ESTACION CENTRAL,46157,47470,991,4777,99395,181049,335,131570
DEL BIOBIO,FLORIDA,2676,7161,128,500,10465,12958,30,11410
DE LA ARAUCANIA,FREIRE,5884,13372,251,1070,20577,26164,64,23680
DE ATACAMA,FREIRINA,2458,2522,83,489,5552,7577,18,6479
DE LOS LAGOS,FRESIA,3187,6986,158,622,10953,12320,33,12552
DE LOS LAGOS,FRUTILLAR,5351,11080,254,1152,17837,22554,52,20168
DE LOS LAGOS,FUTALEUFU,673,1491,38,101,2303,3062,11,3979
DE LOS RIOS,FUTRONO,3220,9238,132,574,13164,15635,42,15548
DE LA ARAUCANIA,GALVARINO,3295,6398,133,528,10354,12710,31,12098
DE ARICA Y PARINACOTA,GENERAL LAGOS,75,449,2,46,572,508,4,1338
DE LA ARAUCANIA,GORBEA,2973,8949,138,578,12638,14148,41,15467
DEL LIBERTADOR GENERAL BERNARDO O'HIGGINS,GRANEROS,10495,13872,354,1585,26306,35938,73,28716
DE AYSEN DEL GENERAL CARLOS IBAÑEZ DEL CAMPO,GUAITECAS,394,641,13,45,1093,1598,4,1539
DE VALPARAISO,HIJUELAS,4893,8994,201,1171,15259,19286,44,16596
DE LOS LAGOS,HUALAIHUE,2319,5081,100,372,7872,9480,25,9363
DEL MAULE,HUALAÑE,3521,5186,104,441,9252,10775,27,10118
DEL BIOBIO,HUALPEN,28544,36200,941,4771,70456,87731,202,77851
DEL BIOBIO,HUALQUI,6405,11662,272,1497,19836,25795,58,22015
DE TARAPACA,HUARA,709,1811,30,165,2715,2858,12,3701
DE ATACAMA,HUASCO,3459,3195,103,583,7340,9369,23,8802
METROPOLITANA DE SANTIAGO,HUECHURABA,30394,35718,905,3527,70544,101808,203,78988
DE COQUIMBO,ILLAPEL,11318,10977,409,1767,24471,32009,72,28376
METROPOLITANA DE SANTIAGO,INDEPENDENCIA,28713,34538,810,3284,67345,116943,235,92552
DE TARAPACA,IQUIQUE,48976,72693,1504,7893,131066,199587,432,166841
METROPOLITANA DE SANTIAGO,ISLA DE MAIPO,11301,15886,370,1510,29067,39274,80,31518
DE VALPARAISO,ISLA DE PASCUA,2389,1997,146,354,4886,4800,18,7007
DE VALPARAISO,JUAN FERNANDEZ,335,230,13,19,597,904,3,910
METROPOLITANA DE SANTIAGO,LA CISTERNA,30672,33803,753,3217,68445,103157,210,82661
DE VALPARAISO,LA CRUZ,6246,9586,208,1016,17056,24939,48,18775
DEL LIBERTADOR GENERAL BERNARDO O'HIGGINS,LA ESTRELLA,1437,2213,46,214,3910,4609,11,4267
METROPOLITANA DE SANTIAGO,LA FLORIDA,132028,127302,3407,13719,276456,374836,796,312069
METROPOLITANA DE SANTIAGO,LA GRANJA,42191,36650,816,4966,84623,112022,251,97201
DE COQUIMBO,LA HIGUERA,1619,2111,60,299,4089,4335,13,4844
DE VALPARAISO,LA LIGUA,12682,14881,365,1763,29691,39270,86,32812
METROPOLITANA DE SANTIAGO,LA PINTANA,56934,52378,1447,7670,118429,175421,348,135686
METROPOLITANA DE SANTIAGO,LA REINA,28954,41519,1467,3563,75503,89870,229,89219
DE COQUIMBO,LA SERENA,73606,85435,2495,11671,173207,250141,518,201924
DE LOS RIOS,LA UNION,9496,19855,309,1657,31317,38907,95,36133
DE LOS RIOS,LAGO RANCO,2435,6154,93,506,9188,10527,29,10815
DE AYSEN DEL GENERAL CARLOS IBAÑEZ DEL CAMPO,LAGO VERDE,253,469,17,35,774,779,5,1141
DE MAGALLANES Y DE LA ANTARTICA CHILENA,LAGUNA BLANCA,193,301,7,24,525,269,2,709
DEL BIOBIO,LAJA,5259,11827,197,1260,18543,23706,58,21637
METROPOLITANA DE SANTIAGO,LAMPA,26086,40472,804,4145,71507,145160,204,79188
DE LOS RIOS,LANCO,4798,8639,175,811,14423,16876,45,17310
DEL LIBERTADOR GENERAL BERNARDO O'HIGGINS,LAS CABRAS,7467,12645,272,1039,21423,27554,60,23280
METROPOLITANA DE SANTIAGO,LAS CONDES,45701,163398,3410,9786,222295,296134,720,283455
DE LA ARAUCANIA,LAUTARO,8687,21059,280,1763,31789,41936,98,36754
DEL BIOBIO,LEBU,5743,12044,268,1229,19284,25246,59,22245
DEL MAULE,LICANTEN,2275,3535,67,325,6202,6892,19,6956
DE VALPARAISO,LIMACHE,14758,21201,500,2696,39155,56145,114,44159
DEL MAULE,LINARES,23735,47280,702,4263,75980,96744,225,85600
DEL LIBERTADOR GENERAL BERNARDO O'HIGGINS,LITUECHE,2840,4299,80,462,7681,8852,22,8236
DE LOS LAGOS,LLANQUIHUE,4847,9129,152,988,15116,18088,45,16969
DE VALPARAISO,LLAY-LLAY,8775,9295,209,1432,19711,18088,58,21764
METROPOLITANA DE SANTIAGO,LO BARNECHEA,12567,62327,795,2600,78289,112620,235,92196
METROPOLITANA DE SANTIAGO,LO ESPEJO,37024,28888,754,4061,70727,87295,212,81949
METROPOLITANA DE SANTIAGO,LO PRADO,35143,31287,728,3808,70966,91290,210,82091
DEL LIBERTADOR GENERAL BERNARDO O'HIGGINS,LOLOL,1898,4402,97,289,6686,7791,19,7311
DE LA ARAUCANIA,LONCOCHE,6092,12537,241,1181,20051,25158,65,24363
DEL MAULE,LONGAVI,6483,19245,245,1300,27273,33299,80,29868
DE LA ARAUCANIA,LONQUIMAY,2116,5920,88,423,8547,10247,33,12033
DEL BIOBIO,LOS ALAMOS,4570,11629,184,1003,17386,21950,51,19431
DE VALPARAISO,LOS ANDES,20259,25086,577,3440,49362,63440,145,56791
DEL BIOBIO,LOS ANGELES,36233,111955,1619,8820,158627,219441,462,177729
DE LOS RIOS,LOS LAGOS,4699,11060,162,814,16735,21431,54,19688
DE LOS LAGOS,LOS MUERMOS,3099,10963,223,822,15107,17162,45,16980
DE LA ARAUCANIA,LOS SAUCES,1283,4718,46,259,6306,7348,19,7183
DE COQUIMBO,LOS VILOS,7532,8129,187,1064,16912,22879,52,19700
DEL BIOBIO,LOTA,14675,19967,552,2883,38077,39980,116,44772
DE LA ARAUCANIA,LUMACO,1813,5304,49,295,7461,9253,24,8743
DEL LIBERTADOR GENERAL BERNARDO O'HIGGINS,MACHALI,15228,22304,521,2468,40521,60875,114,44424
METROPOLITANA DE SANTIAGO,MACUL,42483,40585,1117,4140,88325,123800,262,102101
DE LOS RIOS,MAFIL,1852,4219,85,398,6554,8074,22,7697
METROPOLITANA DE SANTIAGO,MAIPU,178665,162527,4070,18145,363407,503635,1021,401421
DEL LIBERTADOR GENERAL BERNARDO O'HIGGINS,MALLOA,3553,7576,149,683,11961,13882,33,12869
DEL LIBERTADOR GENERAL BERNARDO O'HIGGINS,MARCHIGUE,2542,4442,133,410,7527,8715,21,8207
DE ANTOFAGASTA,MARIA ELENA,1409,1383,60,326,3178,4834,14,5031
METROPOLITANA DE SANTIAGO,MARIA PINTO,4509,7164,146,629,12448,15352,34,13236
DE LOS RIOS,MARIQUINA,5731,11095,284,1020,18130,22973,56,20980
DEL MAULE,MAULE,9081,18506,285,1888,29760,61081,82,31887
DE LOS LAGOS,MAULLIN,3250,8544,186,620,12600,15063,41,15031
DE ANTOFAGASTA,MEJILLONES,4151,3924,153,813,9041,14084,28,10906
DE LA ARAUCANIA,MELIPEUCO,1514,3989,57,248,5808,6796,22,8038
METROPOLITANA DE SANTIAGO,MELIPILLA,35099,54551,1140,5528,96318,136325,274,106366
DEL MAULE,MOLINA,14004,21903,445,2281,38633,48949,110,42127
DE COQUIMBO,MONTE PATRIA,8575,12898,424,2096,23993,29997,73,28035
DEL LIBERTADOR GENERAL BERNARDO O'HIGGINS,MOSTAZAL,8313,11493,274,1349,21429,27394,60,23003
DEL BIOBIO,MULCHEN,5991,15354,288,1475,23108,29036,69,26528
DEL BIOBIO,NACIMIENTO,5663,14080,315,1405,21463,26140,64,24300
DEL LIBERTADOR GENERAL BERNARDO O'HIGGINS,NANCAGUA,5105,8766,207,784,14862,18723,41,16010
DE MAGALLANES Y DE LA ANTARTICA CHILENA,NATALES,7511,8488,252,1151,17402,24152,65,24339
DEL LIBERTADOR GENERAL BERNARDO O'HIGGINS,NAVIDAD,3156,3922,95,448,7621,8885,22,8287
DEL BIOBIO,NEGRETE,1868,6147,113,468,8596,10723,25,9764
DE ÑUBLE,NINHUE,1300,3496,43,223,5062,5763,15,5759
DE VALPARAISO,NOGALES,8042,8478,244,1368,18132,22136,53,20128
DE LA ARAUCANIA,NUEVA IMPERIAL,8718,16806,297,1418,27239,33988,83,31795
DE ÑUBLE,ÑIQUEN,2200,7655,78,532,10465,12797,31,11649
METROPOLITANA DE SANTIAGO,ÑUÑOA,87789,84114,3112,7781,182796,241467,552,216817
DE AYSEN DEL GENERAL CARLOS IBAÑEZ DEL CAMPO,O'HIGGINS,138,298,5,18,459,647,2,794
DEL LIBERTADOR GENERAL BERNARDO O'HIGGINS,OLIVAR,4115,7350,151,763,12379,13901,35,13264
DE ANTOFAGASTA,OLLAGUE,191,459,8,73,731,256,3,1199
DE VALPARAISO,OLMUE,5575,9128,203,1115,16021,19778,47,17814
DE LOS LAGOS,OSORNO,45376,71413,1318,7815,125922,166455,378,146241
DE COQUIMBO,OVALLE,32400,43645,1262,6293,83600,118696,249,96432
METROPOLITANA DE SANTIAGO,PADRE HURTADO,23033,26545,612,3159,53349,81243,149,57456
DE LA ARAUCANIA,PADRE LAS CASAS,17158,36321,689,3238,57406,80656,172,64453
DE COQUIMBO,PAIHUANO,1714,2373,56,272,4415,4649,14,5213
DE LOS RIOS,PAILLACO,4720,11377,165,809,17071,19802,55,20044
METROPOLITANA DE SANTIAGO,PAINE,19951,33626,618,2898,57093,78828,162,62374
DE LOS LAGOS,PALENA,488,920,29,52,1489,1903,6,2248
DEL LIBERTADOR GENERAL BERNARDO O'HIGGINS,PALMILLA,3249,6668,126,489,10532,13060,29,11197
DE LOS RIOS,PANGUIPULLI,8684,19165,306,1643,29798,35098,102,37741
DE VALPARAISO,PANQUEHUE,2272,3641,92,479,6484,7269,19,7007
DE VALPARAISO,PAPUDO,2590,3715,61,348,6714,7561,19,7407
DEL LIBERTADOR GENERAL BERNARDO O'HIGGINS,PAREDONES,2422,3885,75,252,6634,7228,20,7382
DEL MAULE,PARRAL,9735,23245,339,1922,35241,45323,105,39371
METROPOLITANA DE SANTIAGO,PEDRO AGUIRRE CERDA,41662,29258,701,3723,75344,96062,223,86372
DEL MAULE,PELARCO,2271,6144,75,476,8966,9229,27,9740
DEL MAULE,PELLUHUE,1936,5127,44,366,7473,8578,22,8338
DE ÑUBLE,PEMUCO,1981,5168,65,359,7573,8930,22,8432
DEL MAULE,PENCAHUE,2281,6744,73,394,9492,9181,30,10244
DEL BIOBIO,PENCO,16172,19345,554,2809,38880,48971,113,43070
METROPOLITANA DE SANTIAGO,PEÑAFLOR,31279,32331,857,3937,68404,94402,194,75742
METROPOLITANA DE SANTIAGO,PEÑALOLEN,79201,77223,2251,8806,167481,236478,482,189348
DEL LIBERTADOR GENERAL BERNARDO O'HIGGINS,PERALILLO,3418,5895,151,472,9936,12493,29,10896
DE LA ARAUCANIA,PERQUENCO,1794,4049,55,348,6246,7438,19,7066
DE VALPARAISO,PETORCA,3980,3560,112,580,8232,10206,25,9445
DEL LIBERTADOR GENERAL BERNARDO O'HIGGINS,PEUMO,5044,6113,182,754,12093,14243,35,13118
DE TARAPACA,PICA,1738,3038,84,291,5151,6272,18,6220
DEL LIBERTADOR GENERAL BERNARDO O'HIGGINS,PICHIDEGUA,5486,10222,198,828,16734,20363,46,17985
DEL LIBERTADOR GENERAL BERNARDO O'HIGGINS,PICHILEMU,6432,9428,229,807,16896,19847,51,19437
DE ÑUBLE,PINTO,2163,8621,73,524,11381,12502,33,12566
METROPOLITANA DE SANTIAGO,PIRQUE,9408,12362,260,1166,23196,29060,66,25291
DE LA ARAUCANIA,PITRUFQUEN,5777,13995,225,995,20992,27041,65,24794
DEL LIBERTADOR GENERAL BERNARDO O'HIGGINS,PLACILLA,2618,5046,103,489,8256,9438,23,8749
DE ÑUBLE,PORTEZUELO,1329,3519,55,185,5088,5203,15,5776
DE MAGALLANES Y DE LA ANTARTICA CHILENA,PORVENIR,1751,2044,51,217,4063,6809,15,5954
DE TARAPACA,POZO ALMONTE,3030,6023,137,757,9947,16878,34,12727
DE MAGALLANES Y DE LA ANTARTICA CHILENA,PRIMAVERA,167,207,6,16,396,431,3,985
METROPOLITANA DE SANTIAGO,PROVIDENCIA,49145,65534,2679,5961,123319,143974,431,170044
DE VALPARAISO,PUCHUNCAVI,7727,9215,254,1297,18493,22539,54,20628
DE LA ARAUCANIA,PUCON,8812,15793,384,1591,26580,32321,90,34159
METROPOLITANA DE SANTIAGO,PUDAHUEL,75664,71584,1705,8714,157667,227820,455,176284
METROPOLITANA DE SANTIAGO,PUENTE ALTO,191074,164451,3925,22657,382107,568086,1084,424467
DE LOS LAGOS,PUERTO MONTT,59445,111807,2502,11523,185277,277040,553,213552
DE LOS LAGOS,PUERTO OCTAY,2871,4403,103,511,7888,8865,24,9166
DE LOS LAGOS,PUERTO VARAS,12751,26460,562,2259,42032,52942,131,49070
DEL LIBERTADOR GENERAL BERNARDO O'HIGGINS,PUMANQUE,1329,2482,45,176,4032,4559,12,4490
DE COQUIMBO,PUNITAQUI,3562,4987,125,999,9673,12076,29,11243
DE MAGALLANES Y DE LA ANTARTICA CHILENA,PUNTA ARENAS,39721,49110,1538,6187,96556,132363,322,122999
DE LOS LAGOS,PUQUELDON,1152,2002,56,199,3409,4048,11,4298
DE LA ARAUCANIA,PUREN,2445,7183,86,367,10081,12184,32,11870
DE LOS LAGOS,PURRANQUE,4795,10863,156,974,16788,19542,53,19642
DE VALPARAISO,PUTAENDO,5452,6610,168,974,13204,17336,38,14533
DE ARICA Y PARINACOTA,PUTRE,512,1467,13,123,2115,1547,10,3626
DE LOS LAGOS,PUYEHUE,3299,6881,102,562,10844,11712,33,12252
DE LOS LAGOS,QUEILEN,1540,2669,112,250,4571,5690,16,5980
DE LOS LAGOS,QUELLON,6161,12581,417,1314,20473,28460,65,24898
DE LOS LAGOS,QUEMCHI,1947,4511,112,392,6962,8409,25,8903
DEL BIOBIO,QUILACO,1166,2585,55,172,3978,4440,12,4551
METROPOLITANA DE SANTIAGO,QUILICURA,67457,61402,1412,7626,137897,205624,399,155998
DEL BIOBIO,QUILLECO,1905,6102,82,419,8508,9700,25,9575
DE ÑUBLE,QUILLON,3896,10925,151,886,15858,19165,46,17622
DE VALPARAISO,QUILLOTA,26069,38120,915,4717,69821,96753,210,80197
DE VALPARAISO,QUILPUE,52708,60590,1660,7917,122875,162559,370,143005
DE LOS LAGOS,QUINCHAO,2296,3428,108,369,6201,7678,25,8650
DEL LIBERTADOR GENERAL BERNARDO O'HIGGINS,QUINTA DE TILCOCO,3935,7082,137,638,11792,13558,33,12941
METROPOLITANA DE SANTIAGO,QUINTA NORMAL,39813,39033,875,3922,83643,129351,267,103398
DE VALPARAISO,QUINTERO,10503,11902,385,1812,24602,35754,75,28595
DE ÑUBLE,QUIRIHUE,2853,6243,95,502,9693,11746,29,10785
DEL LIBERTADOR GENERAL BERNARDO O'HIGGINS,RANCAGUA,72836,93795,2179,12652,181462,257744,519,203495
DE ÑUBLE,RANQUIL,1454,3700,69,239,5462,6508,16,6042
DEL MAULE,RAUCO,2733,6528,120,584,9965,11266,28,10641
METROPOLITANA DE SANTIAGO,RECOLETA,53322,50853,1252,5186,110613,154615,349,135935
DE LA ARAUCANIA,RENAICO,2060,6093,81,498,8732,10686,26,9962
METROPOLITANA DE SANTIAGO,RENCA,49907,44235,1086,5805,101033,143622,294,115313
DEL LIBERTADOR GENERAL BERNARDO O'HIGGINS,RENGO,17932,26596,608,3121,48257,63620,138,52589
DEL LIBERTADOR GENERAL BERNARDO O'HIGGINS,REQUINOA,7271,14200,264,1451,23186,29508,65,24979
DEL MAULE,RETIRO,3850,12988,161,910,17909,22310,52,19471
DE VALPARAISO,RINCONADA,3670,5317,104,592,9683,11855,27,10538
DE LOS RIOS,RIO BUENO,7445,17409,262,1456,26572,33363,83,30972
DEL MAULE,RIO CLARO,3256,8272,91,646,12265,14276,36,13112
DE COQUIMBO,RIO HURTADO,1166,2489,57,241,3953,4334,13,4709
DE AYSEN DEL GENERAL CARLOS IBAÑEZ DEL CAMPO,RIO IBAÑEZ,795,1420,26,86,2327,2723,11,3073
DE LOS LAGOS,RIO NEGRO,3504,7061,98,752,11415,13874,35,13214
DE MAGALLANES Y DE LA ANTARTICA CHILENA,RIO VERDE,115,301,10,16,442,102,2,650
DEL MAULE,ROMERAL,3958,9133,150,768,14009,17233,39,15066
DE LA ARAUCANIA,SAAVEDRA,3384,6284,115,548,10331,12877,34,13126
DEL MAULE,SAGRADA FAMILIA,5298,9620,160,813,15891,19427,45,16967
DE COQUIMBO,SALAMANCA,8800,10593,325,1521,21239,27823,64,24680
DE VALPARAISO,SAN ANTONIO,35687,30590,718,4836,71831,96770,211,81269
METROPOLITANA DE SANTIAGO,SAN BERNARDO,90963,98655,2284,12116,204018,306371,597,233003
DE ÑUBLE,SAN CARLOS,11083,29963,391,2293,43730,55847,129,48994
DEL MAULE,SAN CLEMENTE,10706,23617,338,2193,36854,47380,106,40456
DE VALPARAISO,SAN ESTEBAN,5504,8358,168,1081,15111,20112,43,16508
DE ÑUBLE,SAN FABIAN,1362,3076,45,290,4773,5245,14,5487
DE VALPARAISO,SAN FELIPE,22201,27811,662,3719,54393,80413,160,61965
DEL LIBERTADOR GENERAL BERNARDO O'HIGGINS,SAN FERNANDO,22477,32346,713,3627,59163,75585,171,65341
DE MAGALLANES Y DE LA ANTARTICA CHILENA,SAN GREGORIO,125,246,6,9,386,241,2,620
DE ÑUBLE,SAN IGNACIO,2983,10452,103,625,14163,17405,40,15575
DEL MAULE,SAN JAVIER,11079,24906,358,2145,38488,49559,112,42473
METROPOLITANA DE SANTIAGO,SAN JOAQUIN,36307,28926,814,3408,69455,95602,212,80166
METROPOLITANA DE SANTIAGO,SAN JOSE DE MAIPO,6846,6416,165,766,14193,17441,42,16197
DE LOS LAGOS,SAN JUAN DE LA COSTA,2679,4117,59,423,7278,7776,22,8406
METROPOLITANA DE SANTIAGO,SAN MIGUEL,42464,45681,1191,4055,93391,150829,303,119383
DE ÑUBLE,SAN NICOLAS,3346,8240,103,704,12393,15099,35,13501
DE LOS LAGOS,SAN PABLO,2874,5540,97,517,9028,10883,27,10148
METROPOLITANA DE SANTIAGO,SAN PEDRO,2538,5620,87,402,8647,11108,24,9437
DE ANTOFAGASTA,SAN PEDRO DE ATACAMA,3038,2956,116,514,6624,9843,22,8433
DEL BIOBIO,SAN PEDRO DE LA PAZ,33045,53045,1288,6130,93508,150992,267,103211
DEL MAULE,SAN RAFAEL,2535,5929,82,502,9048,11230,25,9767
METROPOLITANA DE SANTIAGO,SAN RAMON,31582,28797,708,3689,64776,76002,190,74189
DEL BIOBIO,SAN ROSENDO,1319,2050,38,229,3636,3575,11,4225
DEL LIBERTADOR GENERAL BERNARDO O'HIGGINS,SAN VICENTE,14818,21651,496,2430,39395,49559,111,42929
DEL BIOBIO,SANTA BARBARA,2945,7983,114,624,11666,14075,36,13547
DEL LIBERTADOR GENERAL BERNARDO O'HIGGINS,SANTA CRUZ,9763,18777,365,1693,30598,41209,87,33711
DEL BIOBIO,SANTA JUANA,3168,8431,164,656,12419,14947,36,13608
DE VALPARAISO,SANTA MARIA,4012,6854,166,860,11892,15134,33,12887
METROPOLITANA DE SANTIAGO,SANTIAGO,109915,128414,3273,10652,252254,438856,983,386974
DE VALPARAISO,SANTO DOMINGO,3999,7945,136,569,12649,13171,35,13725
DE ANTOFAGASTA,SIERRA GORDA,382,573,34,84,1073,1472,5,1530
METROPOLITANA DE SANTIAGO,TALAGANTE,23534,29204,676,3193,56607,76429,159,62291
DEL MAULE,TALCA,65995,94622,1697,10112,172426,232131,500,192021
DEL BIOBIO,TALCAHUANO,42563,60903,1401,8021,112888,147322,342,130191
DE ANTOFAGASTA,TALTAL,3525,3889,116,709,8239,12097,26,10294
DE LA ARAUCANIA,TEMUCO,69243,129194,2499,11030,211966,292518,654,249546
DEL MAULE,TENO,7193,16216,260,1497,25166,30113,70,27042
DE LA ARAUCANIA,TEODORO SCHMIDT,3062,8860,114,539,12575,15639,39,14568
DE ATACAMA,TIERRA AMARILLA,3765,5644,182,985,10576,11846,32,12480
METROPOLITANA DE SANTIAGO,TILTIL,5278,8268,154,805,14505,19742,43,16003
DE MAGALLANES Y DE LA ANTARTICA CHILENA,TIMAUKEL,47,158,1,6,212,157,2,732
DEL BIOBIO,TIRUA,2247,5230,77,376,7930,10208,24,9267
DE ANTOFAGASTA,TOCOPILLA,7444,7536,260,1821,17061,25400,57,21437
DE LA ARAUCANIA,TOLTEN,2152,5731,98,408,8389,10041,28,10415
DEL BIOBIO,TOME,16546,25282,667,2653,45148,56907,134,51007
DE MAGALLANES Y DE LA ANTARTICA CHILENA,TORRES DEL PAINE,317,532,12,29,890,203,4,1227
DE AYSEN DEL GENERAL CARLOS IBAÑEZ DEL CAMPO,TORTEL,174,209,3,20,406,505,2,630
DE LA ARAUCANIA,TRAIGUEN,4176,10040,138,743,15097,18873,46,17859
DE ÑUBLE,TREHUACO,1344,3705,54,217,5320,6124,16,5919
DEL BIOBIO,TUCAPEL,3502,7935,145,905,12487,15729,37,14103
DE LOS RIOS,VALDIVIA,54096,62893,1646,6666,125301,170043,388,147528
DE ATACAMA,VALLENAR,15777,19758,536,3579,39650,54222,119,46527
DE VALPARAISO,VALPARAISO,108828,95928,3076,13621,221453,284938,732,281359
DEL MAULE,VICHUQUEN,1416,2758,50,174,4398,4716,15,4923
DE LA ARAUCANIA,VICTORIA,6633,19127,201,1212,27173,34464,87,32190
DE COQUIMBO,VICUÑA,8704,11381,341,1555,21981,28047,64,25052
DE LA ARAUCANIA,VILCUN,5876,15482,230,1173,22761,31575,71,26619
DEL MAULE,VILLA ALEGRE,3801,9168,151,755,13875,17919,40,15260
DE VALPARAISO,VILLA ALEMANA,40844,49214,1235,6757,98050,139571,287,111244
DE LA ARAUCANIA,VILLARRICA,16169,32750,651,2941,52511,67737,168,64065
DE VALPARAISO,VIÑA DEL MAR,106814,129866,3498,14810,254988,334871,810,310385
METROPOLITANA DE SANTIAGO,VITACURA,8552,57910,1083,2972,70517,86420,222,87395
DEL MAULE,YERBAS BUENAS,3900,11111,128,866,16005,20035,47,17183
DEL BIOBIO,YUMBEL,5425,12255,252,1073,19005,23170,57,21379
DE ÑUBLE,YUNGAY,5145,9196,197,1070,15608,18680,46,17407
DE VALPARAISO,ZAPALLAR,3035,5812,121,500,9468,7980,27,10383
